----------------------------------------
-- Populate
----------------------------------------

START TRANSACTION;
insert into corredor values (1, 10);
insert into corredor values (2, 10);
insert into corredor values (3, 10);
insert into corredor values (4, 10);
insert into corredor values (5, 10);
insert into corredor values (6, 10);
insert into corredor values (7, 10);
insert into corredor values (8, 10);
insert into corredor values (9, 10);
insert into corredor values (10, 10);
insert into corredor values (11, 10);
insert into corredor values (12, 10);
insert into corredor values (13, 10);
insert into corredor values (14, 10);
insert into corredor values (15, 10);
insert into corredor values (16, 10);
insert into corredor values (17, 10);
insert into corredor values (18, 10);
insert into corredor values (19, 10);
insert into corredor values (20, 10);
insert into corredor values (21, 10);
insert into corredor values (22, 10);
insert into corredor values (23, 10);
insert into corredor values (24, 10);
insert into corredor values (25, 10);
insert into corredor values (26, 10);
insert into corredor values (27, 10);
insert into corredor values (28, 10);
insert into corredor values (29, 10);
insert into corredor values (30, 10);
insert into corredor values (31, 10);
insert into corredor values (32, 10);
insert into corredor values (33, 10);
insert into corredor values (34, 10);
insert into corredor values (35, 10);
insert into corredor values (36, 10);
insert into corredor values (37, 10);
insert into corredor values (38, 10);
insert into corredor values (39, 10);
insert into corredor values (40, 10);
COMMIT;

START TRANSACTION;
insert into prateleira values (1, 'ESQ', 'SUPERIOR');
insert into prateleira values (1, 'ESQ', 'MEDIO');
insert into prateleira values (1, 'ESQ', 'CHAO');
insert into prateleira values (1, 'DTO', 'SUPERIOR');
insert into prateleira values (1, 'DTO', 'MEDIO');
insert into prateleira values (1, 'DTO', 'CHAO');
insert into prateleira values (2, 'ESQ', 'SUPERIOR');
insert into prateleira values (2, 'ESQ', 'MEDIO');
insert into prateleira values (2, 'ESQ', 'CHAO');
insert into prateleira values (2, 'DTO', 'SUPERIOR');
insert into prateleira values (2, 'DTO', 'MEDIO');
insert into prateleira values (2, 'DTO', 'CHAO');
insert into prateleira values (3, 'ESQ', 'SUPERIOR');
insert into prateleira values (3, 'ESQ', 'MEDIO');
insert into prateleira values (3, 'ESQ', 'CHAO');
insert into prateleira values (3, 'DTO', 'SUPERIOR');
insert into prateleira values (3, 'DTO', 'MEDIO');
insert into prateleira values (3, 'DTO', 'CHAO');
insert into prateleira values (4, 'ESQ', 'SUPERIOR');
insert into prateleira values (4, 'ESQ', 'MEDIO');
insert into prateleira values (4, 'ESQ', 'CHAO');
insert into prateleira values (4, 'DTO', 'SUPERIOR');
insert into prateleira values (4, 'DTO', 'MEDIO');
insert into prateleira values (4, 'DTO', 'CHAO');
insert into prateleira values (5, 'ESQ', 'SUPERIOR');
insert into prateleira values (5, 'ESQ', 'MEDIO');
insert into prateleira values (5, 'ESQ', 'CHAO');
insert into prateleira values (5, 'DTO', 'SUPERIOR');
insert into prateleira values (5, 'DTO', 'MEDIO');
insert into prateleira values (5, 'DTO', 'CHAO');
insert into prateleira values (6, 'ESQ', 'SUPERIOR');
insert into prateleira values (6, 'ESQ', 'MEDIO');
insert into prateleira values (6, 'ESQ', 'CHAO');
insert into prateleira values (6, 'DTO', 'SUPERIOR');
insert into prateleira values (6, 'DTO', 'MEDIO');
insert into prateleira values (6, 'DTO', 'CHAO');
insert into prateleira values (7, 'ESQ', 'SUPERIOR');
insert into prateleira values (7, 'ESQ', 'MEDIO');
insert into prateleira values (7, 'ESQ', 'CHAO');
insert into prateleira values (7, 'DTO', 'SUPERIOR');
insert into prateleira values (7, 'DTO', 'MEDIO');
insert into prateleira values (7, 'DTO', 'CHAO');
insert into prateleira values (8, 'ESQ', 'SUPERIOR');
insert into prateleira values (8, 'ESQ', 'MEDIO');
insert into prateleira values (8, 'ESQ', 'CHAO');
insert into prateleira values (8, 'DTO', 'SUPERIOR');
insert into prateleira values (8, 'DTO', 'MEDIO');
insert into prateleira values (8, 'DTO', 'CHAO');
insert into prateleira values (9, 'ESQ', 'SUPERIOR');
insert into prateleira values (9, 'ESQ', 'MEDIO');
insert into prateleira values (9, 'ESQ', 'CHAO');
insert into prateleira values (9, 'DTO', 'SUPERIOR');
insert into prateleira values (9, 'DTO', 'MEDIO');
insert into prateleira values (9, 'DTO', 'CHAO');
insert into prateleira values (10, 'ESQ', 'SUPERIOR');
insert into prateleira values (10, 'ESQ', 'MEDIO');
insert into prateleira values (10, 'ESQ', 'CHAO');
insert into prateleira values (10, 'DTO', 'SUPERIOR');
insert into prateleira values (10, 'DTO', 'MEDIO');
insert into prateleira values (10, 'DTO', 'CHAO');
insert into prateleira values (11, 'ESQ', 'SUPERIOR');
insert into prateleira values (11, 'ESQ', 'MEDIO');
insert into prateleira values (11, 'ESQ', 'CHAO');
insert into prateleira values (11, 'DTO', 'SUPERIOR');
insert into prateleira values (11, 'DTO', 'MEDIO');
insert into prateleira values (11, 'DTO', 'CHAO');
insert into prateleira values (12, 'ESQ', 'SUPERIOR');
insert into prateleira values (12, 'ESQ', 'MEDIO');
insert into prateleira values (12, 'ESQ', 'CHAO');
insert into prateleira values (12, 'DTO', 'SUPERIOR');
insert into prateleira values (12, 'DTO', 'MEDIO');
insert into prateleira values (12, 'DTO', 'CHAO');
insert into prateleira values (13, 'ESQ', 'SUPERIOR');
insert into prateleira values (13, 'ESQ', 'MEDIO');
insert into prateleira values (13, 'ESQ', 'CHAO');
insert into prateleira values (13, 'DTO', 'SUPERIOR');
insert into prateleira values (13, 'DTO', 'MEDIO');
insert into prateleira values (13, 'DTO', 'CHAO');
insert into prateleira values (14, 'ESQ', 'SUPERIOR');
insert into prateleira values (14, 'ESQ', 'MEDIO');
insert into prateleira values (14, 'ESQ', 'CHAO');
insert into prateleira values (14, 'DTO', 'SUPERIOR');
insert into prateleira values (14, 'DTO', 'MEDIO');
insert into prateleira values (14, 'DTO', 'CHAO');
insert into prateleira values (15, 'ESQ', 'SUPERIOR');
insert into prateleira values (15, 'ESQ', 'MEDIO');
insert into prateleira values (15, 'ESQ', 'CHAO');
insert into prateleira values (15, 'DTO', 'SUPERIOR');
insert into prateleira values (15, 'DTO', 'MEDIO');
insert into prateleira values (15, 'DTO', 'CHAO');
insert into prateleira values (16, 'ESQ', 'SUPERIOR');
insert into prateleira values (16, 'ESQ', 'MEDIO');
insert into prateleira values (16, 'ESQ', 'CHAO');
insert into prateleira values (16, 'DTO', 'SUPERIOR');
insert into prateleira values (16, 'DTO', 'MEDIO');
insert into prateleira values (16, 'DTO', 'CHAO');
insert into prateleira values (17, 'ESQ', 'SUPERIOR');
insert into prateleira values (17, 'ESQ', 'MEDIO');
insert into prateleira values (17, 'ESQ', 'CHAO');
insert into prateleira values (17, 'DTO', 'SUPERIOR');
insert into prateleira values (17, 'DTO', 'MEDIO');
insert into prateleira values (17, 'DTO', 'CHAO');
insert into prateleira values (18, 'ESQ', 'SUPERIOR');
insert into prateleira values (18, 'ESQ', 'MEDIO');
insert into prateleira values (18, 'ESQ', 'CHAO');
insert into prateleira values (18, 'DTO', 'SUPERIOR');
insert into prateleira values (18, 'DTO', 'MEDIO');
insert into prateleira values (18, 'DTO', 'CHAO');
insert into prateleira values (19, 'ESQ', 'SUPERIOR');
insert into prateleira values (19, 'ESQ', 'MEDIO');
insert into prateleira values (19, 'ESQ', 'CHAO');
insert into prateleira values (19, 'DTO', 'SUPERIOR');
insert into prateleira values (19, 'DTO', 'MEDIO');
insert into prateleira values (19, 'DTO', 'CHAO');
insert into prateleira values (20, 'ESQ', 'SUPERIOR');
insert into prateleira values (20, 'ESQ', 'MEDIO');
insert into prateleira values (20, 'ESQ', 'CHAO');
insert into prateleira values (20, 'DTO', 'SUPERIOR');
insert into prateleira values (20, 'DTO', 'MEDIO');
insert into prateleira values (20, 'DTO', 'CHAO');
insert into prateleira values (21, 'ESQ', 'SUPERIOR');
insert into prateleira values (21, 'ESQ', 'MEDIO');
insert into prateleira values (21, 'ESQ', 'CHAO');
insert into prateleira values (21, 'DTO', 'SUPERIOR');
insert into prateleira values (21, 'DTO', 'MEDIO');
insert into prateleira values (21, 'DTO', 'CHAO');
insert into prateleira values (22, 'ESQ', 'SUPERIOR');
insert into prateleira values (22, 'ESQ', 'MEDIO');
insert into prateleira values (22, 'ESQ', 'CHAO');
insert into prateleira values (22, 'DTO', 'SUPERIOR');
insert into prateleira values (22, 'DTO', 'MEDIO');
insert into prateleira values (22, 'DTO', 'CHAO');
insert into prateleira values (23, 'ESQ', 'SUPERIOR');
insert into prateleira values (23, 'ESQ', 'MEDIO');
insert into prateleira values (23, 'ESQ', 'CHAO');
insert into prateleira values (23, 'DTO', 'SUPERIOR');
insert into prateleira values (23, 'DTO', 'MEDIO');
insert into prateleira values (23, 'DTO', 'CHAO');
insert into prateleira values (24, 'ESQ', 'SUPERIOR');
insert into prateleira values (24, 'ESQ', 'MEDIO');
insert into prateleira values (24, 'ESQ', 'CHAO');
insert into prateleira values (24, 'DTO', 'SUPERIOR');
insert into prateleira values (24, 'DTO', 'MEDIO');
insert into prateleira values (24, 'DTO', 'CHAO');
insert into prateleira values (25, 'ESQ', 'SUPERIOR');
insert into prateleira values (25, 'ESQ', 'MEDIO');
insert into prateleira values (25, 'ESQ', 'CHAO');
insert into prateleira values (25, 'DTO', 'SUPERIOR');
insert into prateleira values (25, 'DTO', 'MEDIO');
insert into prateleira values (25, 'DTO', 'CHAO');
insert into prateleira values (26, 'ESQ', 'SUPERIOR');
insert into prateleira values (26, 'ESQ', 'MEDIO');
insert into prateleira values (26, 'ESQ', 'CHAO');
insert into prateleira values (26, 'DTO', 'SUPERIOR');
insert into prateleira values (26, 'DTO', 'MEDIO');
insert into prateleira values (26, 'DTO', 'CHAO');
insert into prateleira values (27, 'ESQ', 'SUPERIOR');
insert into prateleira values (27, 'ESQ', 'MEDIO');
insert into prateleira values (27, 'ESQ', 'CHAO');
insert into prateleira values (27, 'DTO', 'SUPERIOR');
insert into prateleira values (27, 'DTO', 'MEDIO');
insert into prateleira values (27, 'DTO', 'CHAO');
insert into prateleira values (28, 'ESQ', 'SUPERIOR');
insert into prateleira values (28, 'ESQ', 'MEDIO');
insert into prateleira values (28, 'ESQ', 'CHAO');
insert into prateleira values (28, 'DTO', 'SUPERIOR');
insert into prateleira values (28, 'DTO', 'MEDIO');
insert into prateleira values (28, 'DTO', 'CHAO');
insert into prateleira values (29, 'ESQ', 'SUPERIOR');
insert into prateleira values (29, 'ESQ', 'MEDIO');
insert into prateleira values (29, 'ESQ', 'CHAO');
insert into prateleira values (29, 'DTO', 'SUPERIOR');
insert into prateleira values (29, 'DTO', 'MEDIO');
insert into prateleira values (29, 'DTO', 'CHAO');
insert into prateleira values (30, 'ESQ', 'SUPERIOR');
insert into prateleira values (30, 'ESQ', 'MEDIO');
insert into prateleira values (30, 'ESQ', 'CHAO');
insert into prateleira values (30, 'DTO', 'SUPERIOR');
insert into prateleira values (30, 'DTO', 'MEDIO');
insert into prateleira values (30, 'DTO', 'CHAO');
insert into prateleira values (31, 'ESQ', 'SUPERIOR');
insert into prateleira values (31, 'ESQ', 'MEDIO');
insert into prateleira values (31, 'ESQ', 'CHAO');
insert into prateleira values (31, 'DTO', 'SUPERIOR');
insert into prateleira values (31, 'DTO', 'MEDIO');
insert into prateleira values (31, 'DTO', 'CHAO');
insert into prateleira values (32, 'ESQ', 'SUPERIOR');
insert into prateleira values (32, 'ESQ', 'MEDIO');
insert into prateleira values (32, 'ESQ', 'CHAO');
insert into prateleira values (32, 'DTO', 'SUPERIOR');
insert into prateleira values (32, 'DTO', 'MEDIO');
insert into prateleira values (32, 'DTO', 'CHAO');
insert into prateleira values (33, 'ESQ', 'SUPERIOR');
insert into prateleira values (33, 'ESQ', 'MEDIO');
insert into prateleira values (33, 'ESQ', 'CHAO');
insert into prateleira values (33, 'DTO', 'SUPERIOR');
insert into prateleira values (33, 'DTO', 'MEDIO');
insert into prateleira values (33, 'DTO', 'CHAO');
insert into prateleira values (34, 'ESQ', 'SUPERIOR');
insert into prateleira values (34, 'ESQ', 'MEDIO');
insert into prateleira values (34, 'ESQ', 'CHAO');
insert into prateleira values (34, 'DTO', 'SUPERIOR');
insert into prateleira values (34, 'DTO', 'MEDIO');
insert into prateleira values (34, 'DTO', 'CHAO');
insert into prateleira values (35, 'ESQ', 'SUPERIOR');
insert into prateleira values (35, 'ESQ', 'MEDIO');
insert into prateleira values (35, 'ESQ', 'CHAO');
insert into prateleira values (35, 'DTO', 'SUPERIOR');
insert into prateleira values (35, 'DTO', 'MEDIO');
insert into prateleira values (35, 'DTO', 'CHAO');
insert into prateleira values (36, 'ESQ', 'SUPERIOR');
insert into prateleira values (36, 'ESQ', 'MEDIO');
insert into prateleira values (36, 'ESQ', 'CHAO');
insert into prateleira values (36, 'DTO', 'SUPERIOR');
insert into prateleira values (36, 'DTO', 'MEDIO');
insert into prateleira values (36, 'DTO', 'CHAO');
insert into prateleira values (37, 'ESQ', 'SUPERIOR');
insert into prateleira values (37, 'ESQ', 'MEDIO');
insert into prateleira values (37, 'ESQ', 'CHAO');
insert into prateleira values (37, 'DTO', 'SUPERIOR');
insert into prateleira values (37, 'DTO', 'MEDIO');
insert into prateleira values (37, 'DTO', 'CHAO');
insert into prateleira values (38, 'ESQ', 'SUPERIOR');
insert into prateleira values (38, 'ESQ', 'MEDIO');
insert into prateleira values (38, 'ESQ', 'CHAO');
insert into prateleira values (38, 'DTO', 'SUPERIOR');
insert into prateleira values (38, 'DTO', 'MEDIO');
insert into prateleira values (38, 'DTO', 'CHAO');
insert into prateleira values (39, 'ESQ', 'SUPERIOR');
insert into prateleira values (39, 'ESQ', 'MEDIO');
insert into prateleira values (39, 'ESQ', 'CHAO');
insert into prateleira values (39, 'DTO', 'SUPERIOR');
insert into prateleira values (39, 'DTO', 'MEDIO');
insert into prateleira values (39, 'DTO', 'CHAO');
insert into prateleira values (40, 'ESQ', 'SUPERIOR');
insert into prateleira values (40, 'ESQ', 'MEDIO');
insert into prateleira values (40, 'ESQ', 'CHAO');
insert into prateleira values (40, 'DTO', 'SUPERIOR');
insert into prateleira values (40, 'DTO', 'MEDIO');
insert into prateleira values (40, 'DTO', 'CHAO');
COMMIT;

START TRANSACTION;
insert into fornecedor values (100000000, 'Aquario da Rinchoa');
insert into fornecedor values (100000001, 'Ervanario do Barreiro');
insert into fornecedor values (100000002, 'Matadouro de Rio de Mouro');
insert into fornecedor values (100000003, 'Padaria Nacional');
insert into fornecedor values (100000004, 'Sensei.Tech');
insert into fornecedor values (100000005, 'Vinhos&Companhia');
insert into fornecedor values (100000006, 'Frutas&Legumes');
insert into fornecedor values (100000007, 'FastFood Inc.');
insert into fornecedor values (100000008, 'Bebidas LDa');
insert into fornecedor values (100000009, 'Comida LDa');
insert into fornecedor values (100000010, 'Apple');
insert into fornecedor values (100000011, 'SAMSUNG');
insert into fornecedor values (100000012, 'Vacuum LDa');
insert into fornecedor values (100000013, 'WarmUp CO');
insert into fornecedor values (100000014, 'Eletromania CO');
insert into fornecedor values (100000015, 'FrutaAcabadaDeColher LDa');
insert into fornecedor values (100000016, 'Caldas CO');
insert into fornecedor values (100000017, 'Veggies4Life');
insert into fornecedor values (100000018, 'Batatas da Terra');
insert into fornecedor values (100000019, 'Industrias Quimicas CO');
insert into fornecedor values (100000020, 'Sephora');
insert into fornecedor values (100000021, 'Continente');
COMMIT;

START TRANSACTION;
insert into categoria values ('Bebidas');
insert into super_categoria values ('Bebidas');
insert into categoria values ('Refrigerantes');
insert into categoria_simples values ('Refrigerantes');
insert into constituida values ('Bebidas', 'Refrigerantes');
insert into categoria values ('Aguas');
insert into categoria_simples values ('Aguas');
insert into constituida values ('Bebidas', 'Aguas');
insert into categoria values ('Sumos');
insert into categoria_simples values ('Sumos');
insert into constituida values ('Bebidas', 'Sumos');
insert into categoria values ('Vinhos');
insert into categoria_simples values ('Vinhos');
insert into constituida values ('Bebidas', 'Vinhos');
insert into categoria values ('Produtos Horticulas');
insert into super_categoria values ('Produtos Horticulas');
insert into categoria values ('Frutas');
insert into categoria_simples values ('Frutas');
insert into constituida values ('Produtos Horticulas', 'Frutas');
insert into categoria values ('Legumes');
insert into categoria_simples values ('Legumes');
insert into constituida values ('Produtos Horticulas', 'Legumes');
insert into categoria values ('Ervas Aromaticas');
insert into categoria_simples values ('Ervas Aromaticas');
insert into constituida values ('Produtos Horticulas', 'Ervas Aromaticas');
insert into categoria values ('Padaria');
insert into categoria_simples values ('Padaria');
insert into categoria values ('Mercearias');
insert into super_categoria values ('Mercearias');
insert into categoria values ('Massas');
insert into categoria_simples values ('Massas');
insert into constituida values ('Mercearias', 'Massas');
insert into categoria values ('Arroz');
insert into categoria_simples values ('Arroz');
insert into constituida values ('Mercearias', 'Arroz');
insert into categoria values ('Laticineos');
insert into categoria_simples values ('Laticineos');
insert into constituida values ('Mercearias', 'Laticineos');
insert into categoria values ('Empacotados');
insert into categoria_simples values ('Empacotados');
insert into constituida values ('Mercearias', 'Empacotados');
insert into categoria values ('Enlatados');
insert into super_categoria values ('Enlatados');
insert into constituida values ('Mercearias', 'Enlatados');
insert into categoria values ('Frutas Enlatadas');
insert into categoria_simples values ('Frutas Enlatadas');
insert into constituida values ('Enlatados', 'Frutas Enlatadas');
insert into categoria values ('Leguminosas Enlatadas');
insert into categoria_simples values ('Leguminosas Enlatadas');
insert into constituida values ('Enlatados', 'Leguminosas Enlatadas');
insert into categoria values ('Carnes Enlatadas');
insert into categoria_simples values ('Carnes Enlatadas');
insert into constituida values ('Enlatados', 'Carnes Enlatadas');
insert into categoria values ('Tecnologias');
insert into super_categoria values ('Tecnologias');
insert into categoria values ('Eletrodomesticos');
insert into super_categoria values ('Eletrodomesticos');
insert into constituida values ('Tecnologias', 'Eletrodomesticos');
insert into categoria values ('Grandes Eletrodomesticos');
insert into super_categoria values ('Grandes Eletrodomesticos');
insert into constituida values ('Eletrodomesticos', 'Grandes Eletrodomesticos');
insert into categoria values ('Confeccao');
insert into categoria_simples values ('Confeccao');
insert into constituida values ('Grandes Eletrodomesticos', 'Confeccao');
insert into categoria values ('Informatica');
insert into super_categoria values ('Informatica');
insert into constituida values ('Tecnologias', 'Informatica');
insert into categoria values ('SmartPhones');
insert into categoria_simples values ('SmartPhones');
insert into constituida values ('Informatica', 'SmartPhones');
insert into categoria values ('Computadores');
insert into categoria_simples values ('Computadores');
insert into constituida values ('Informatica', 'Computadores');
COMMIT;

START TRANSACTION;
insert into produto values (1234567891011, 'Pepsi', 'Refrigerantes', 100000008, '2018-01-01');
insert into produto values (1234567891012, 'Coca Cola', 'Refrigerantes', 100000008, '2018-02-02');
insert into produto values (1234567891014, 'Agua Mineral', 'Aguas', 100000008, '2018-03-04');
insert into produto values (1234567891016, 'Compal', 'Sumos', 100000008, '2018-10-06');
insert into produto values (1234567891019, 'Vinho do Porto', 'Vinhos', 100000005, '2018-01-09');
insert into produto values (1234567891020, 'Moscatel de Setubal', 'Vinhos', 100000005, '2018-01-10');
insert into produto values (3456789101114, 'Mirtilos', 'Frutas', 100000006, '2018-01-31');
insert into produto values (3456789101115, 'Morangos', 'Frutas', 100000006, '2018-01-29');
insert into produto values (3456789101116, 'Cerejas', 'Frutas', 100000006, '2018-05-03');
insert into produto values (3456789101117, 'Feijao', 'Legumes', 100000006, '2018-04-24');
insert into produto values (3456789101122, 'Pimento', 'Legumes', 100000006, '2018-09-10');
insert into produto values (4567891011123, 'Tomilho', 'Ervas Aromaticas', 100000001, '2018-05-10');
insert into produto values (4567891011124, 'Alecrim', 'Ervas Aromaticas', 100000001, '2018-05-11');
insert into produto values (4567891011127, 'Coentros', 'Ervas Aromaticas', 100000001, '2018-05-06');
insert into produto values (1212121212100, 'Pao de Rio Maior', 'Padaria', 100000003, '2018-05-08');
insert into produto values (1212121212101, 'Croissant Folhado', 'Padaria', 100000003, '2018-05-07');
insert into produto values (1212121212110, 'Baguete', 'Padaria', 100000003, '2018-05-08');
insert into produto values (3434343434300, 'Esparguete', 'Massas', 100000009, '2018-08-28');
insert into produto values (3434343434304, 'Arroz Vaporizado', 'Arroz', 100000009, '2018-08-28');
insert into produto values (3434343434308, 'Arroz Carolino', 'Arroz', 100000009, '2018-08-28');
insert into produto values (3434343434309, 'Leite Meio Gordo', 'Laticineos', 100000009, '2018-04-18');
insert into produto values (3434343434310, 'Leite Magro', 'Laticineos', 100000009, '2018-04-18');
insert into produto values (3434343434316, 'Salsichas', 'Carnes Enlatadas', 100000002, '2018-04-29');
insert into produto values (3434343434317, 'Salsichas de Aves', 'Carnes Enlatadas', 100000002, '2018-04-29');
insert into produto values (3434343434327, 'Ananas em Calda', 'Frutas Enlatadas', 100000016, '2018-04-29');
insert into produto values (3434343434328, 'Pessego em Calda', 'Frutas Enlatadas', 100000016, '2018-01-29');
insert into produto values (3434343434336, 'Batatas Fritas Lisas', 'Empacotados', 100000018, '2018-03-29');
insert into produto values (3434343434345, 'Nachos', 'Empacotados', 100000018, '2018-03-29');
insert into produto values (4545454545411, 'Fogao a Lenha c/ Forno', 'Confeccao', 100000004, '2018-01-28');
insert into produto values (4545454545413, 'Placa de Vitroceramica 4 pontos', 'Confeccao', 100000004, '2018-01-28');
insert into produto values (4545454545418, 'Placa a Gas Natural 5 bicos', 'Confeccao', 100000004, '2018-01-28');
insert into produto values (4545454545421, 'IPhone XR', 'SmartPhones', 100000010, '2018-01-28');
insert into produto values (4545454545422, 'IPhone XS', 'SmartPhones', 100000010, '2018-01-28');
insert into produto values (4545454545424, 'SAMSUNG S10', 'SmartPhones', 100000011, '2018-01-28');
insert into produto values (4545454545428, 'Sony Ericson', 'SmartPhones', 100000004, '2018-01-28');
insert into produto values (4545454545429, 'Nokia 6210', 'SmartPhones', 100000004, '2018-01-28');
insert into produto values (4545454545430, 'RIMEL', 'SmartPhones', 100000021, '2018-01-28');
insert into fornece_sec values (100000021, 1234567891011);
insert into fornece_sec values (100000021, 1234567891012);
insert into fornece_sec values (100000021, 1234567891014);
insert into fornece_sec values (100000021, 1234567891016);
insert into fornece_sec values (100000021, 1234567891019);
insert into fornece_sec values (100000021, 1234567891020);
insert into fornece_sec values (100000021, 3456789101114);
insert into fornece_sec values (100000021, 3456789101115);
insert into fornece_sec values (100000021, 3456789101116);
insert into fornece_sec values (100000021, 3456789101117);
insert into fornece_sec values (100000021, 3456789101122);
insert into fornece_sec values (100000021, 4567891011123);
insert into fornece_sec values (100000021, 4567891011124);
insert into fornece_sec values (100000021, 4567891011127);
insert into fornece_sec values (100000021, 1212121212100);
insert into fornece_sec values (100000021, 1212121212101);
insert into fornece_sec values (100000021, 1212121212110);
insert into fornece_sec values (100000021, 3434343434300);
insert into fornece_sec values (100000021, 3434343434304);
insert into fornece_sec values (100000021, 3434343434308);
insert into fornece_sec values (100000021, 3434343434309);
insert into fornece_sec values (100000021, 3434343434310);
insert into fornece_sec values (100000021, 3434343434316);
insert into fornece_sec values (100000021, 3434343434317);
insert into fornece_sec values (100000021, 3434343434327);
insert into fornece_sec values (100000021, 3434343434328);
insert into fornece_sec values (100000021, 3434343434336);
insert into fornece_sec values (100000021, 3434343434345);
insert into fornece_sec values (100000021, 4545454545411);
insert into fornece_sec values (100000021, 4545454545413);
insert into fornece_sec values (100000021, 4545454545418);
insert into fornece_sec values (100000021, 4545454545421);
insert into fornece_sec values (100000021, 4545454545422);
insert into fornece_sec values (100000021, 4545454545424);
insert into fornece_sec values (100000021, 4545454545428);
insert into fornece_sec values (100000021, 4545454545429);
insert into fornece_sec values (100000020, 4545454545430);
COMMIT;

START TRANSACTION;
insert into planograma values (1234567891011, 1, 'ESQ', 'SUPERIOR', 3, 5, 'Garrafeira');
insert into planograma values (1234567891012, 1, 'ESQ', 'MEDIO', 3, 5, 'Garrafeira');
insert into planograma values (1234567891014, 1, 'ESQ', 'CHAO', 3, 5, 'Garrafeira');
insert into planograma values (1234567891016, 1, 'DTO', 'SUPERIOR', 3, 5, 'Garrafeira');
insert into planograma values (1234567891019, 1, 'DTO', 'MEDIO', 3, 5, 'Garrafeira');
insert into planograma values (1234567891020, 1, 'DTO', 'CHAO', 3, 5, 'Garrafeira');
insert into planograma values (3456789101114, 2, 'ESQ', 'SUPERIOR', 4, 8, 'Frutaria');
insert into planograma values (3456789101115, 2, 'ESQ', 'MEDIO', 4, 8, 'Frutaria');
insert into planograma values (3456789101116, 2, 'ESQ', 'CHAO', 4, 8, 'Frutaria');
insert into planograma values (3456789101117, 2, 'DTO', 'SUPERIOR', 4, 8, 'Frutaria');
insert into planograma values (3456789101122, 2, 'DTO', 'MEDIO', 4, 8, 'Frutaria');
insert into planograma values (4567891011123, 2, 'DTO', 'CHAO', 4, 8, 'Frutaria');
insert into planograma values (4567891011124, 3, 'ESQ', 'SUPERIOR', 4, 8, 'Frutaria');
insert into planograma values (4567891011127, 3, 'ESQ', 'MEDIO', 4, 8, 'Frutaria');
insert into planograma values (1212121212100, 3, 'ESQ', 'CHAO', 3, 12, 'Padaria');
insert into planograma values (1212121212101, 3, 'DTO', 'SUPERIOR', 3, 12, 'Padaria');
insert into planograma values (1212121212110, 3, 'DTO', 'MEDIO', 3, 12, 'Padaria');
insert into planograma values (3434343434300, 3, 'DTO', 'CHAO', 4, 12, 'Mercearia');
insert into planograma values (3434343434304, 4, 'ESQ', 'SUPERIOR', 4, 12, 'Mercearia');
insert into planograma values (3434343434308, 4, 'ESQ', 'MEDIO', 4, 12, 'Mercearia');
insert into planograma values (3434343434309, 4, 'ESQ', 'CHAO', 4, 12, 'Mercearia');
insert into planograma values (3434343434310, 4, 'DTO', 'SUPERIOR', 4, 12, 'Mercearia');
insert into planograma values (3434343434316, 4, 'DTO', 'MEDIO', 4, 12, 'Mercearia');
insert into planograma values (3434343434317, 4, 'DTO', 'CHAO', 4, 12, 'Mercearia');
insert into planograma values (3434343434327, 5, 'ESQ', 'SUPERIOR', 4, 12, 'Mercearia');
insert into planograma values (3434343434328, 5, 'ESQ', 'MEDIO', 4, 12, 'Mercearia');
insert into planograma values (3434343434336, 5, 'ESQ', 'CHAO', 4, 12, 'Mercearia');
insert into planograma values (3434343434345, 5, 'DTO', 'SUPERIOR', 4, 12, 'Mercearia');
insert into planograma values (4545454545411, 5, 'DTO', 'MEDIO', 2, 4, 'Eletrodomesticos');
insert into planograma values (4545454545413, 5, 'DTO', 'CHAO', 2, 4, 'Eletrodomesticos');
insert into planograma values (4545454545418, 6, 'ESQ', 'SUPERIOR', 2, 4, 'Eletrodomesticos');
insert into planograma values (4545454545421, 6, 'ESQ', 'MEDIO', 5, 12, 'Informatica');
insert into planograma values (4545454545422, 6, 'ESQ', 'CHAO', 5, 12, 'Informatica');
insert into planograma values (4545454545424, 6, 'DTO', 'SUPERIOR', 5, 12, 'Informatica');
insert into planograma values (4545454545428, 6, 'DTO', 'MEDIO', 5, 12, 'Informatica');
insert into planograma values (4545454545429, 6, 'DTO', 'CHAO', 5, 12, 'Informatica');
COMMIT;

START TRANSACTION;
    insert into evento_reposicao values ('Maria', '2018-05-09 09:47:53');
    insert into reposicao values (1234567891011, 1, 'ESQ', 'SUPERIOR', 'Maria', '2018-05-09 09:47:53', 4);
    insert into evento_reposicao values ('Joao', '2018-05-09 10:17:47');
    insert into reposicao values (1234567891014, 1, 'ESQ', 'CHAO', 'Joao', '2018-05-09 10:17:47', 3);
    insert into evento_reposicao values ('Daniel', '2018-05-09 16:26:11');
    insert into reposicao values (3456789101115, 2, 'ESQ', 'MEDIO', 'Daniel', '2018-05-09 16:26:11', 5);
    insert into evento_reposicao values ('Joana', '2018-05-09 20:14:49');
    insert into reposicao values (4567891011124, 3, 'ESQ', 'SUPERIOR', 'Joana', '2018-05-09 20:14:49', 3);
    insert into evento_reposicao values ('Maria', '2018-05-10 10:33:06');
    insert into reposicao values (3434343434308, 4, 'ESQ', 'MEDIO', 'Maria', '2018-05-10 10:33:06', 10);
    insert into evento_reposicao values ('Joana', '2018-05-10 11:33:06');
    insert into reposicao values (3434343434328, 5, 'ESQ', 'MEDIO', 'Joana', '2018-05-10 11:33:06', 7);
    insert into evento_reposicao values ('Pedro', '2018-05-10 12:29:10');
    insert into reposicao values (4545454545413, 5, 'DTO', 'CHAO', 'Pedro', '2018-05-10 12:29:10', 2);
    insert into evento_reposicao values ('Maria', '2018-05-10 15:38:50');
    insert into reposicao values (4545454545424, 6, 'DTO', 'SUPERIOR', 'Maria', '2018-05-10 15:38:50', 10);
COMMIT;
